x,ID
rs1045642,HLFA_W2_01
rs12415607,HLFA_W1_06
rs2227310,HLFA_W1_02
rs4353229,HLFA_W1_03
rs13181,HLFA_W2_03
rs1801133,HLHX_W1_19
rs182455,HLFA_W1_12
rs2032582,HLHX_W1_21
rs3957357,HLFA_W2_05
rs738409,HLFA_W1_05
rs1128503,HLFA_W1_11
rs2740574,HLHX_W1_08
rs11615,HLHX_W1_09
rs3918290,HLHX_W1_23
rs55886062,HLHX_W1_10
rs67376798,HLHX_W1_15
rs1695,HLHX_W1_14
rs1800566,HLHX_W1_18
rs1042522,HLHX_W1_01
rs1801019,HLHX_W1_13
rs2072671,HLHX_W1_02
rs11030918,HLHX_W1_07
rs12806698,HLHX_W1_12
rs9937,HLHX_W1_20
rs25487,HLFA_W1_08
rs1650697,HLFA_W1_09
rs11545078,HLFA_W1_10
rs1801131,HLHX_W1_03
rs3212986,HLHX_W1_04
rs2228001,HLHX_W1_05
rs11942466,HLHX_W1_24
rs4655567,HLHX_W1_17
rs2306283,HLHX_W1_16
rs4148323,HLHX_W1_22
rs8175347,HLFA_W2_06
rs11692021,HLHX_W1_11
