,x
1,rs11615
2,rs13181
3,rs1695
4,rs1801131
5,rs1801133
6,rs25487
7,rs1042522
8,rs1800566
9,rs3918290
10,rs55886062
11,rs67376798
12,rs1051266
13,rs1056515
14,rs10937158
15,rs1127648
16,rs1799794
17,rs1799983
18,rs1801019
19,rs1801394
20,rs225440
21,rs2292997
22,rs2302273
23,rs2306283
24,rs2661280
25,rs3025039
26,rs3212948
27,rs329007
28,rs3749438
29,rs3824662
30,rs3917412
31,rs712830
32,rs717620
33,rs7699188
34,rs861539
35,rs151264360
36,rs371194629
37,rs895819
38,rs1059829
39,rs8175347
40,rs11692021
41,rs11942466
42,rs4148323
43,rs4655567
